INSERT INTO `logman`.`primary_authority` (`PRI_ID`, `PRI_AUTHORITY`) VALUES ('1', '业务管理');
INSERT INTO `logman`.`primary_authority` (`PRI_ID`, `PRI_AUTHORITY`) VALUES ('2', '车辆管理');
INSERT INTO `logman`.`primary_authority` (`PRI_ID`, `PRI_AUTHORITY`) VALUES ('3', '油料管理');
INSERT INTO `logman`.`primary_authority` (`PRI_ID`, `PRI_AUTHORITY`) VALUES ('4', '现金银行');
INSERT INTO `logman`.`primary_authority` (`PRI_ID`, `PRI_AUTHORITY`) VALUES ('5', '应收应付');
INSERT INTO `logman`.`primary_authority` (`PRI_ID`, `PRI_AUTHORITY`) VALUES ('6', '工资管理');
INSERT INTO `logman`.`primary_authority` (`PRI_ID`, `PRI_AUTHORITY`) VALUES ('7', '仓储管理');
INSERT INTO `logman`.`primary_authority` (`PRI_ID`, `PRI_AUTHORITY`) VALUES ('8', '经营分析');
INSERT INTO `logman`.`primary_authority` (`PRI_ID`, `PRI_AUTHORITY`) VALUES ('9', '系统');
INSERT INTO `logman`.`primary_authority` (`PRI_ID`, `PRI_AUTHORITY`) VALUES ('10', '资料');
INSERT INTO `logman`.`primary_authority` (`PRI_ID`, `PRI_AUTHORITY`) VALUES ('11', '辅助中心');

INSERT INTO `logman`.`second_authority` (`SEC_ID`, `SEC_AUTHORITY`, `BELONG_PRI_ID`) VALUES ('1', '订单管理', '1');
INSERT INTO `logman`.`second_authority` (`SEC_ID`, `SEC_AUTHORITY`, `BELONG_PRI_ID`) VALUES ('2', '调度配送', '1');
INSERT INTO `logman`.`second_authority` (`SEC_ID`, `SEC_AUTHORITY`, `BELONG_PRI_ID`) VALUES ('3', '出车登记', '1');
INSERT INTO `logman`.`second_authority` (`SEC_ID`, `SEC_AUTHORITY`, `BELONG_PRI_ID`) VALUES ('4', '回车报账', '1');
INSERT INTO `logman`.`second_authority` (`SEC_ID`, `SEC_AUTHORITY`, `BELONG_PRI_ID`) VALUES ('5', '业务流水账', '1');
INSERT INTO `logman`.`second_authority` (`SEC_ID`, `SEC_AUTHORITY`, `BELONG_PRI_ID`) VALUES ('6', '车辆配件', '2');
INSERT INTO `logman`.`second_authority` (`SEC_ID`, `SEC_AUTHORITY`, `BELONG_PRI_ID`) VALUES ('7', '维修登记', '2');
INSERT INTO `logman`.`second_authority` (`SEC_ID`, `SEC_AUTHORITY`, `BELONG_PRI_ID`) VALUES ('8', '保养登记', '2');
INSERT INTO `logman`.`second_authority` (`SEC_ID`, `SEC_AUTHORITY`, `BELONG_PRI_ID`) VALUES ('9', '事故登记', '2');
INSERT INTO `logman`.`second_authority` (`SEC_ID`, `SEC_AUTHORITY`, `BELONG_PRI_ID`) VALUES ('10', '违章登记', '2');
INSERT INTO `logman`.`second_authority` (`SEC_ID`, `SEC_AUTHORITY`, `BELONG_PRI_ID`) VALUES ('11', '车辆规费登记', '2');
INSERT INTO `logman`.`second_authority` (`SEC_ID`, `SEC_AUTHORITY`, `BELONG_PRI_ID`) VALUES ('12', '轮胎管理', '2');
INSERT INTO `logman`.`second_authority` (`SEC_ID`, `SEC_AUTHORITY`, `BELONG_PRI_ID`) VALUES ('13', '报表', '2');
INSERT INTO `logman`.`second_authority` (`SEC_ID`, `SEC_AUTHORITY`, `BELONG_PRI_ID`) VALUES ('14', '油料采购', '3');
INSERT INTO `logman`.`second_authority` (`SEC_ID`, `SEC_AUTHORITY`, `BELONG_PRI_ID`) VALUES ('15', '油卡充值登记', '3');
INSERT INTO `logman`.`second_authority` (`SEC_ID`, `SEC_AUTHORITY`, `BELONG_PRI_ID`) VALUES ('16', '加油登记', '3');
INSERT INTO `logman`.`second_authority` (`SEC_ID`, `SEC_AUTHORITY`, `BELONG_PRI_ID`) VALUES ('17', '报表', '3');
INSERT INTO `logman`.`second_authority` (`SEC_ID`, `SEC_AUTHORITY`, `BELONG_PRI_ID`) VALUES ('18', '其他收入', '4');
INSERT INTO `logman`.`second_authority` (`SEC_ID`, `SEC_AUTHORITY`, `BELONG_PRI_ID`) VALUES ('19', '其他支出', '4');
INSERT INTO `logman`.`second_authority` (`SEC_ID`, `SEC_AUTHORITY`, `BELONG_PRI_ID`) VALUES ('20', '银行存取款', '4');
INSERT INTO `logman`.`second_authority` (`SEC_ID`, `SEC_AUTHORITY`, `BELONG_PRI_ID`) VALUES ('21', '借还款登记', '4');
INSERT INTO `logman`.`second_authority` (`SEC_ID`, `SEC_AUTHORITY`, `BELONG_PRI_ID`) VALUES ('22', '办公用品采购', '4');
INSERT INTO `logman`.`second_authority` (`SEC_ID`, `SEC_AUTHORITY`, `BELONG_PRI_ID`) VALUES ('23', '办公用品领用', '4');
INSERT INTO `logman`.`second_authority` (`SEC_ID`, `SEC_AUTHORITY`, `BELONG_PRI_ID`) VALUES ('24', '路卡充值登记', '4');
INSERT INTO `logman`.`second_authority` (`SEC_ID`, `SEC_AUTHORITY`, `BELONG_PRI_ID`) VALUES ('25', '报表', '4');
INSERT INTO `logman`.`second_authority` (`SEC_ID`, `SEC_AUTHORITY`, `BELONG_PRI_ID`) VALUES ('26', '应收运费结算', '5');
INSERT INTO `logman`.`second_authority` (`SEC_ID`, `SEC_AUTHORITY`, `BELONG_PRI_ID`) VALUES ('27', '应付运费结算', '5');
INSERT INTO `logman`.`second_authority` (`SEC_ID`, `SEC_AUTHORITY`, `BELONG_PRI_ID`) VALUES ('28', '应付配件采购结算', '5');
INSERT INTO `logman`.`second_authority` (`SEC_ID`, `SEC_AUTHORITY`, `BELONG_PRI_ID`) VALUES ('29', '应付加油结算', '5');
INSERT INTO `logman`.`second_authority` (`SEC_ID`, `SEC_AUTHORITY`, `BELONG_PRI_ID`) VALUES ('30', '应付维修结算', '5');
INSERT INTO `logman`.`second_authority` (`SEC_ID`, `SEC_AUTHORITY`, `BELONG_PRI_ID`) VALUES ('31', '应付油料采购结算', '5');
INSERT INTO `logman`.`second_authority` (`SEC_ID`, `SEC_AUTHORITY`, `BELONG_PRI_ID`) VALUES ('32', '预收预付管理', '5');
INSERT INTO `logman`.`second_authority` (`SEC_ID`, `SEC_AUTHORITY`, `BELONG_PRI_ID`) VALUES ('33', '报表', '5');
INSERT INTO `logman`.`second_authority` (`SEC_ID`, `SEC_AUTHORITY`, `BELONG_PRI_ID`) VALUES ('34', '缺勤登记', '6');
INSERT INTO `logman`.`second_authority` (`SEC_ID`, `SEC_AUTHORITY`, `BELONG_PRI_ID`) VALUES ('35', '工资结算', '6');
INSERT INTO `logman`.`second_authority` (`SEC_ID`, `SEC_AUTHORITY`, `BELONG_PRI_ID`) VALUES ('36', '司机工资对账单', '6');
INSERT INTO `logman`.`second_authority` (`SEC_ID`, `SEC_AUTHORITY`, `BELONG_PRI_ID`) VALUES ('37', '工资设置', '6');
INSERT INTO `logman`.`second_authority` (`SEC_ID`, `SEC_AUTHORITY`, `BELONG_PRI_ID`) VALUES ('38', '入库管理', '7');
INSERT INTO `logman`.`second_authority` (`SEC_ID`, `SEC_AUTHORITY`, `BELONG_PRI_ID`) VALUES ('39', '出库管理', '7');
INSERT INTO `logman`.`second_authority` (`SEC_ID`, `SEC_AUTHORITY`, `BELONG_PRI_ID`) VALUES ('40', '库存明细', '7');
INSERT INTO `logman`.`second_authority` (`SEC_ID`, `SEC_AUTHORITY`, `BELONG_PRI_ID`) VALUES ('41', '费用统计', '7');
INSERT INTO `logman`.`second_authority` (`SEC_ID`, `SEC_AUTHORITY`, `BELONG_PRI_ID`) VALUES ('42', '查询', '8');
INSERT INTO `logman`.`second_authority` (`SEC_ID`, `SEC_AUTHORITY`, `BELONG_PRI_ID`) VALUES ('43', '日报表', '8');
INSERT INTO `logman`.`second_authority` (`SEC_ID`, `SEC_AUTHORITY`, `BELONG_PRI_ID`) VALUES ('44', '月报表', '8');
INSERT INTO `logman`.`second_authority` (`SEC_ID`, `SEC_AUTHORITY`, `BELONG_PRI_ID`) VALUES ('45', '统计表', '8');
INSERT INTO `logman`.`second_authority` (`SEC_ID`, `SEC_AUTHORITY`, `BELONG_PRI_ID`) VALUES ('46', '分析表', '8');
INSERT INTO `logman`.`second_authority` (`SEC_ID`, `SEC_AUTHORITY`, `BELONG_PRI_ID`) VALUES ('47', '对比表', '8');
INSERT INTO `logman`.`second_authority` (`SEC_ID`, `SEC_AUTHORITY`, `BELONG_PRI_ID`) VALUES ('48', '数据管理', '9');
INSERT INTO `logman`.`second_authority` (`SEC_ID`, `SEC_AUTHORITY`, `BELONG_PRI_ID`) VALUES ('49', '系统设置', '9');
INSERT INTO `logman`.`second_authority` (`SEC_ID`, `SEC_AUTHORITY`, `BELONG_PRI_ID`) VALUES ('50', '用户和权限', '9');
INSERT INTO `logman`.`second_authority` (`SEC_ID`, `SEC_AUTHORITY`, `BELONG_PRI_ID`) VALUES ('51', '修改密码', '9');
INSERT INTO `logman`.`second_authority` (`SEC_ID`, `SEC_AUTHORITY`, `BELONG_PRI_ID`) VALUES ('52', '企业资料', '10');
INSERT INTO `logman`.`second_authority` (`SEC_ID`, `SEC_AUTHORITY`, `BELONG_PRI_ID`) VALUES ('53', '车队资料', '10');
INSERT INTO `logman`.`second_authority` (`SEC_ID`, `SEC_AUTHORITY`, `BELONG_PRI_ID`) VALUES ('54', '车辆资料', '10');
INSERT INTO `logman`.`second_authority` (`SEC_ID`, `SEC_AUTHORITY`, `BELONG_PRI_ID`) VALUES ('55', '员工资料', '10');
INSERT INTO `logman`.`second_authority` (`SEC_ID`, `SEC_AUTHORITY`, `BELONG_PRI_ID`) VALUES ('56', '客户资料', '10');
INSERT INTO `logman`.`second_authority` (`SEC_ID`, `SEC_AUTHORITY`, `BELONG_PRI_ID`) VALUES ('57', '供应商资料', '10');
INSERT INTO `logman`.`second_authority` (`SEC_ID`, `SEC_AUTHORITY`, `BELONG_PRI_ID`) VALUES ('58', '财务相关', '10');
INSERT INTO `logman`.`second_authority` (`SEC_ID`, `SEC_AUTHORITY`, `BELONG_PRI_ID`) VALUES ('59', '运输相关', '10');
INSERT INTO `logman`.`second_authority` (`SEC_ID`, `SEC_AUTHORITY`, `BELONG_PRI_ID`) VALUES ('60', '车辆相关', '10');
INSERT INTO `logman`.`second_authority` (`SEC_ID`, `SEC_AUTHORITY`, `BELONG_PRI_ID`) VALUES ('61', '油料相关', '10');
INSERT INTO `logman`.`second_authority` (`SEC_ID`, `SEC_AUTHORITY`, `BELONG_PRI_ID`) VALUES ('62', '路卡资料', '10');
INSERT INTO `logman`.`second_authority` (`SEC_ID`, `SEC_AUTHORITY`, `BELONG_PRI_ID`) VALUES ('63', '文档中心', '11');

INSERT INTO `logman`.`third_authority` (`THI_ID`, `THI_AUTHORITY`, `URL`, `BELONG_SEC_ID`) VALUES ('1', '新建订单', 'orderAction_addOrderUI.action', '1');
INSERT INTO `logman`.`third_authority` (`THI_ID`, `THI_AUTHORITY`, `URL`, `BELONG_SEC_ID`) VALUES ('2', '查询订单', 'orderAction_listOrderUI.action', '1');
INSERT INTO `logman`.`third_authority` (`THI_ID`, `THI_AUTHORITY`, `URL`, `BELONG_SEC_ID`) VALUES ('3', '修改删除订单', 'orderAction_manageOrderUI.action', '1');
INSERT INTO `logman`.`third_authority` (`THI_ID`, `THI_AUTHORITY`, `URL`, `BELONG_SEC_ID`) VALUES ('4', '新建调度', 'dispatchAction_addDispatchUI.action', '2');
INSERT INTO `logman`.`third_authority` (`THI_ID`, `THI_AUTHORITY`, `URL`, `BELONG_SEC_ID`) VALUES ('5', '查询调度', 'dispatchAction_listDispatchUI.action', '2');
INSERT INTO `logman`.`third_authority` (`THI_ID`, `THI_AUTHORITY`, `URL`, `BELONG_SEC_ID`) VALUES ('6', '修改删除调度', 'dispatchAction_manageDispatchUI.action', '2');
INSERT INTO `logman`.`third_authority` (`THI_ID`, `THI_AUTHORITY`, `URL`, `BELONG_SEC_ID`) VALUES ('7', '车辆状态及派车情况', 'vehiclestateAction_showUI.action', '2');
INSERT INTO `logman`.`third_authority` (`THI_ID`, `THI_AUTHORITY`, `URL`, `BELONG_SEC_ID`) VALUES ('8', '新建出车登记', 'drawoutAction_addDrawoutUI.action', '3');
INSERT INTO `logman`.`third_authority` (`THI_ID`, `THI_AUTHORITY`, `URL`, `BELONG_SEC_ID`) VALUES ('9', '查询出车记录', 'drawoutAction_listDrawoutUI.action', '3');
INSERT INTO `logman`.`third_authority` (`THI_ID`, `THI_AUTHORITY`, `URL`, `BELONG_SEC_ID`) VALUES ('10', '修改删除记录', 'drawoutAction_manageDrawoutUI.action', '3');
INSERT INTO `logman`.`third_authority` (`THI_ID`, `THI_AUTHORITY`, `URL`, `BELONG_SEC_ID`) VALUES ('11', '新建回车报账', 'vehiclebackAction_addVehiclebackUI.action', '4');
INSERT INTO `logman`.`third_authority` (`THI_ID`, `THI_AUTHORITY`, `URL`, `BELONG_SEC_ID`) VALUES ('12', '查看回车报账', 'vehiclebackAction_listVehiclebackUI.action', '4');
INSERT INTO `logman`.`third_authority` (`THI_ID`, `THI_AUTHORITY`, `URL`, `BELONG_SEC_ID`) VALUES ('13', '修改删除回车报账', 'vehiclebackAction_manageVehiclebackUI.action', '4');
INSERT INTO `logman`.`third_authority` (`THI_ID`, `THI_AUTHORITY`, `URL`, `BELONG_SEC_ID`) VALUES ('14', '业务流水账', 'businesslaundrylist_showUI.action', '5');
INSERT INTO `logman`.`third_authority` (`THI_ID`, `THI_AUTHORITY`, `URL`, `BELONG_SEC_ID`) VALUES ('15', '新建采购', 'vehiclefittingAction_addVehiclefittingUI.action', '6');
INSERT INTO `logman`.`third_authority` (`THI_ID`, `THI_AUTHORITY`, `URL`, `BELONG_SEC_ID`) VALUES ('16', '查询采购记录', 'vehiclefittingAction_listVehiclefittingUI.action', '6');
INSERT INTO `logman`.`third_authority` (`THI_ID`, `THI_AUTHORITY`, `URL`, `BELONG_SEC_ID`) VALUES ('17', '修改删除采购', 'vehiclefittingAction_manageVehiclefittingUI.action', '6');
INSERT INTO `logman`.`third_authority` (`THI_ID`, `THI_AUTHORITY`, `URL`, `BELONG_SEC_ID`) VALUES ('18', '配件库存', 'fittinginventoryAction_showUI.action', '6');
INSERT INTO `logman`.`third_authority` (`THI_ID`, `THI_AUTHORITY`, `URL`, `BELONG_SEC_ID`) VALUES ('19', '新建维修登记', 'repairAction_addRepairUI.action', '7');
INSERT INTO `logman`.`third_authority` (`THI_ID`, `THI_AUTHORITY`, `URL`, `BELONG_SEC_ID`) VALUES ('20', '查询维修记录', 'repairAction_listRepairUI.action', '7');
INSERT INTO `logman`.`third_authority` (`THI_ID`, `THI_AUTHORITY`, `URL`, `BELONG_SEC_ID`) VALUES ('21', '修改删除维修', 'repairAction_manageRepairUI.action', '7');
INSERT INTO `logman`.`third_authority` (`THI_ID`, `THI_AUTHORITY`, `URL`, `BELONG_SEC_ID`) VALUES ('22', '新建保养登记', 'maintainAction_addMaintainUI.action', '8');
INSERT INTO `logman`.`third_authority` (`THI_ID`, `THI_AUTHORITY`, `URL`, `BELONG_SEC_ID`) VALUES ('23', '查询保养记录', 'maintainAction_listMaintainUI.action', '8');
INSERT INTO `logman`.`third_authority` (`THI_ID`, `THI_AUTHORITY`, `URL`, `BELONG_SEC_ID`) VALUES ('24', '修改删除保养', 'maintainAction_manageMaintainUI.action', '8');
INSERT INTO `logman`.`third_authority` (`THI_ID`, `THI_AUTHORITY`, `URL`, `BELONG_SEC_ID`) VALUES ('25', '新建事故登记', 'accidentAction_addAccidentUI.action', '9');
INSERT INTO `logman`.`third_authority` (`THI_ID`, `THI_AUTHORITY`, `URL`, `BELONG_SEC_ID`) VALUES ('26', '查询事故记录', 'accidentAction_listAccidentUI.action', '9');
INSERT INTO `logman`.`third_authority` (`THI_ID`, `THI_AUTHORITY`, `URL`, `BELONG_SEC_ID`) VALUES ('27', '修改删除记录', 'accidentAction_manageAccidentUI.action', '9');
INSERT INTO `logman`.`third_authority` (`THI_ID`, `THI_AUTHORITY`, `URL`, `BELONG_SEC_ID`) VALUES ('28', '新建违章登记', 'violationAction_addViolationUI.action', '10');
INSERT INTO `logman`.`third_authority` (`THI_ID`, `THI_AUTHORITY`, `URL`, `BELONG_SEC_ID`) VALUES ('29', '查询违章记录', 'violationAction_listViolationUI.action', '10');
INSERT INTO `logman`.`third_authority` (`THI_ID`, `THI_AUTHORITY`, `URL`, `BELONG_SEC_ID`) VALUES ('30', '修改删除违章', 'violationAction_manageViolationUI.action', '10');
INSERT INTO `logman`.`third_authority` (`THI_ID`, `THI_AUTHORITY`, `URL`, `BELONG_SEC_ID`) VALUES ('31', '车辆规费登记', 'chargeAction_addChargeUI.action', '11');
INSERT INTO `logman`.`third_authority` (`THI_ID`, `THI_AUTHORITY`, `URL`, `BELONG_SEC_ID`) VALUES ('32', '规费记录查询', 'chargeAction_listChargeUI.action', '11');
INSERT INTO `logman`.`third_authority` (`THI_ID`, `THI_AUTHORITY`, `URL`, `BELONG_SEC_ID`) VALUES ('33', '修改删除记录', 'chargeAction_manageChargeUI.action', '11');
INSERT INTO `logman`.`third_authority` (`THI_ID`, `THI_AUTHORITY`, `URL`, `BELONG_SEC_ID`) VALUES ('34', '新建轮胎资料', 'tireAction_addTireUI.action', '12');
INSERT INTO `logman`.`third_authority` (`THI_ID`, `THI_AUTHORITY`, `URL`, `BELONG_SEC_ID`) VALUES ('35', '查询轮胎资料', 'tireAction_listTireUI.action', '12');
INSERT INTO `logman`.`third_authority` (`THI_ID`, `THI_AUTHORITY`, `URL`, `BELONG_SEC_ID`) VALUES ('36', '修改删除资料', 'tireAction_manageTireUI.action', '12');
INSERT INTO `logman`.`third_authority` (`THI_ID`, `THI_AUTHORITY`, `URL`, `BELONG_SEC_ID`) VALUES ('37', '配件采购统计表', 'acceprocstatAction_showUI.action', '13');
INSERT INTO `logman`.`third_authority` (`THI_ID`, `THI_AUTHORITY`, `URL`, `BELONG_SEC_ID`) VALUES ('38', '维修报表', 'repairreportAction_showUI.action', '13');
INSERT INTO `logman`.`third_authority` (`THI_ID`, `THI_AUTHORITY`, `URL`, `BELONG_SEC_ID`) VALUES ('39', '保养报表', 'maintenancereportAction_showUI.action', '13');
INSERT INTO `logman`.`third_authority` (`THI_ID`, `THI_AUTHORITY`, `URL`, `BELONG_SEC_ID`) VALUES ('40', '规费报表', 'feesreportAction_showUI.action', '13');
INSERT INTO `logman`.`third_authority` (`THI_ID`, `THI_AUTHORITY`, `URL`, `BELONG_SEC_ID`) VALUES ('41', '事故报表', 'accidentreportAction_showUI.action', '13');
INSERT INTO `logman`.`third_authority` (`THI_ID`, `THI_AUTHORITY`, `URL`, `BELONG_SEC_ID`) VALUES ('42', '油料库存', 'oilinventoriesAction_showUI.action', '14');
INSERT INTO `logman`.`third_authority` (`THI_ID`, `THI_AUTHORITY`, `URL`, `BELONG_SEC_ID`) VALUES ('43', '新建采购', 'fuelprocurementAction_addFuelprocurementUI.action', '14');
INSERT INTO `logman`.`third_authority` (`THI_ID`, `THI_AUTHORITY`, `URL`, `BELONG_SEC_ID`) VALUES ('44', '查询采购', 'fuelprocurementAction_listFuelprocurementUI.action', '14');
INSERT INTO `logman`.`third_authority` (`THI_ID`, `THI_AUTHORITY`, `URL`, `BELONG_SEC_ID`) VALUES ('45', '修改删除采购记录', 'fuelprocurementAction_manageFuelprocurementUI.action', '14');
INSERT INTO `logman`.`third_authority` (`THI_ID`, `THI_AUTHORITY`, `URL`, `BELONG_SEC_ID`) VALUES ('46', '新建油卡充值', 'oilcardprepaidAction_addOilcardprepaidUI.action', '15');
INSERT INTO `logman`.`third_authority` (`THI_ID`, `THI_AUTHORITY`, `URL`, `BELONG_SEC_ID`) VALUES ('47', '查询油卡充值记录', 'oilcardprepaidAction_listOilcardprepaidUI.action', '15');
INSERT INTO `logman`.`third_authority` (`THI_ID`, `THI_AUTHORITY`, `URL`, `BELONG_SEC_ID`) VALUES ('48', '修改删除充值记录', 'oilcardprepaidAction_manageOilcardprepaidUI.action', '15');
INSERT INTO `logman`.`third_authority` (`THI_ID`, `THI_AUTHORITY`, `URL`, `BELONG_SEC_ID`) VALUES ('49', '新建加油登记', 'refuelAction_addRefuelUI.action', '16');
INSERT INTO `logman`.`third_authority` (`THI_ID`, `THI_AUTHORITY`, `URL`, `BELONG_SEC_ID`) VALUES ('50', '查询加油登记', 'refuelAction_listRefuelUI.action', '16');
INSERT INTO `logman`.`third_authority` (`THI_ID`, `THI_AUTHORITY`, `URL`, `BELONG_SEC_ID`) VALUES ('51', '修改删除登记', 'refuelAction_manageRefuelUI.action', '16');
INSERT INTO `logman`.`third_authority` (`THI_ID`, `THI_AUTHORITY`, `URL`, `BELONG_SEC_ID`) VALUES ('52', '油料采购汇总', 'fuelprocsummaryAction_showUI.action', '17');
INSERT INTO `logman`.`third_authority` (`THI_ID`, `THI_AUTHORITY`, `URL`, `BELONG_SEC_ID`) VALUES ('53', '车辆加油报表', 'vehrefustatAction_showUI.action', '17');
INSERT INTO `logman`.`third_authority` (`THI_ID`, `THI_AUTHORITY`, `URL`, `BELONG_SEC_ID`) VALUES ('54', '油卡充值报表', 'oilcardtopupstaAction_showUI.action', '17');
INSERT INTO `logman`.`third_authority` (`THI_ID`, `THI_AUTHORITY`, `URL`, `BELONG_SEC_ID`) VALUES ('55', '油卡使用报表', 'oilcardusereportsAction_showUI.action', '17');
INSERT INTO `logman`.`third_authority` (`THI_ID`, `THI_AUTHORITY`, `URL`, `BELONG_SEC_ID`) VALUES ('56', '新建其他收入', 'otherrevenueAction_addOtherrevenueUI.action', '18');
INSERT INTO `logman`.`third_authority` (`THI_ID`, `THI_AUTHORITY`, `URL`, `BELONG_SEC_ID`) VALUES ('57', '查询其他收入', 'otherrevenueAction_listOtherrevenueUI.action', '18');
INSERT INTO `logman`.`third_authority` (`THI_ID`, `THI_AUTHORITY`, `URL`, `BELONG_SEC_ID`) VALUES ('58', '修改删除记录', 'otherrevenueAction_manageOtherrevenueUI.action', '18');
INSERT INTO `logman`.`third_authority` (`THI_ID`, `THI_AUTHORITY`, `URL`, `BELONG_SEC_ID`) VALUES ('59', '新建其他支出', 'otherexpensesAction_addOtherexpensesUI.action', '19');
INSERT INTO `logman`.`third_authority` (`THI_ID`, `THI_AUTHORITY`, `URL`, `BELONG_SEC_ID`) VALUES ('60', '查询其他支出', 'otherexpensesAction_listOtherexpensesUI.action', '19');
INSERT INTO `logman`.`third_authority` (`THI_ID`, `THI_AUTHORITY`, `URL`, `BELONG_SEC_ID`) VALUES ('61', '修改删除记录', 'otherexpensesAction_manageOtherexpensesUI.action', '19');
INSERT INTO `logman`.`third_authority` (`THI_ID`, `THI_AUTHORITY`, `URL`, `BELONG_SEC_ID`) VALUES ('62', '银行存款登记', 'bankrecordAction_addDepositUI.action', '20');
INSERT INTO `logman`.`third_authority` (`THI_ID`, `THI_AUTHORITY`, `URL`, `BELONG_SEC_ID`) VALUES ('63', '银行取款登记', 'bankrecordAction_addDrawUI.action', '20');
INSERT INTO `logman`.`third_authority` (`THI_ID`, `THI_AUTHORITY`, `URL`, `BELONG_SEC_ID`) VALUES ('64', '查询银行存取款', 'bankrecordAction_addDrawUI.action', '20');
INSERT INTO `logman`.`third_authority` (`THI_ID`, `THI_AUTHORITY`, `URL`, `BELONG_SEC_ID`) VALUES ('65', '修改删除记录', 'bankrecordAction_manageUI.action', '20');
INSERT INTO `logman`.`third_authority` (`THI_ID`, `THI_AUTHORITY`, `URL`, `BELONG_SEC_ID`) VALUES ('66', '借款登记', 'lendsreimbAction_addBorrowUI.action', '21');
INSERT INTO `logman`.`third_authority` (`THI_ID`, `THI_AUTHORITY`, `URL`, `BELONG_SEC_ID`) VALUES ('67', '还款登记', 'lendsreimbAction_addReturnUI.action', '21');
INSERT INTO `logman`.`third_authority` (`THI_ID`, `THI_AUTHORITY`, `URL`, `BELONG_SEC_ID`) VALUES ('68', '查询借还款记录', 'lendsreimbAction_listUI.action', '21');
INSERT INTO `logman`.`third_authority` (`THI_ID`, `THI_AUTHORITY`, `URL`, `BELONG_SEC_ID`) VALUES ('69', '修改查询记录', 'lendsreimbAction_manageUI.action', '21');
INSERT INTO `logman`.`third_authority` (`THI_ID`, `THI_AUTHORITY`, `URL`, `BELONG_SEC_ID`) VALUES ('70', '办公用品采购登记', 'officeprocurementAction_addOfficeprocurementUI.action', '22');
INSERT INTO `logman`.`third_authority` (`THI_ID`, `THI_AUTHORITY`, `URL`, `BELONG_SEC_ID`) VALUES ('71', '办公用品采购查询', 'officeprocurementAction_listOfficeprocurementUI.action', '22');
INSERT INTO `logman`.`third_authority` (`THI_ID`, `THI_AUTHORITY`, `URL`, `BELONG_SEC_ID`) VALUES ('72', '修改删除采购记录', 'officeprocurementAction_manageOfficeprocurementUI.action', '22');
INSERT INTO `logman`.`third_authority` (`THI_ID`, `THI_AUTHORITY`, `URL`, `BELONG_SEC_ID`) VALUES ('73', '办公用品库存', 'officesuppliesinventoryAction_showUI.action', '23');
INSERT INTO `logman`.`third_authority` (`THI_ID`, `THI_AUTHORITY`, `URL`, `BELONG_SEC_ID`) VALUES ('74', '办公用品领用登记', 'officerequisitionedAction_addOfficerequisitionedUI.action', '23');
INSERT INTO `logman`.`third_authority` (`THI_ID`, `THI_AUTHORITY`, `URL`, `BELONG_SEC_ID`) VALUES ('75', '办公用品领用查询', 'officerequisitionedAction_listOfficerequisitionedUI.action', '23');
INSERT INTO `logman`.`third_authority` (`THI_ID`, `THI_AUTHORITY`, `URL`, `BELONG_SEC_ID`) VALUES ('76', '修改删除领用记录', 'officerequisitionedAction_manageOfficerequisitionedUI.action', '23');
INSERT INTO `logman`.`third_authority` (`THI_ID`, `THI_AUTHORITY`, `URL`, `BELONG_SEC_ID`) VALUES ('77', '新建路卡充值登记', 'lucatopupAction_addLucatopupUI.action', '24');
INSERT INTO `logman`.`third_authority` (`THI_ID`, `THI_AUTHORITY`, `URL`, `BELONG_SEC_ID`) VALUES ('78', '查询路卡充值记录', 'lucatopupAction_listLucatopupUI.action', '24');
INSERT INTO `logman`.`third_authority` (`THI_ID`, `THI_AUTHORITY`, `URL`, `BELONG_SEC_ID`) VALUES ('79', '修改删除充值记录', 'lucatopupAction_manageLucatopupUI.action', '24');
INSERT INTO `logman`.`third_authority` (`THI_ID`, `THI_AUTHORITY`, `URL`, `BELONG_SEC_ID`) VALUES ('80', '现金银行报表', 'cashbankreportAction_showUI.action', '25');
INSERT INTO `logman`.`third_authority` (`THI_ID`, `THI_AUTHORITY`, `URL`, `BELONG_SEC_ID`) VALUES ('81', '其他收入支出报表', 'otherinoutreportAction_showUI.action', '25');
INSERT INTO `logman`.`third_authority` (`THI_ID`, `THI_AUTHORITY`, `URL`, `BELONG_SEC_ID`) VALUES ('82', '借还款汇总', 'borrowreturnreportAction_showUI.action', '25');
INSERT INTO `logman`.`third_authority` (`THI_ID`, `THI_AUTHORITY`, `URL`, `BELONG_SEC_ID`) VALUES ('83', '路卡充值汇总', 'lucatopopreportAction_showUI.action', '25');
INSERT INTO `logman`.`third_authority` (`THI_ID`, `THI_AUTHORITY`, `URL`, `BELONG_SEC_ID`) VALUES ('84', '路卡使用报表', 'lucausereportAction_showUI.action', '25');
INSERT INTO `logman`.`third_authority` (`THI_ID`, `THI_AUTHORITY`, `URL`, `BELONG_SEC_ID`) VALUES ('85', '新建应收运费结算', 'recefreightsettleAction_addRecefreightsettleUI.action', '26');
INSERT INTO `logman`.`third_authority` (`THI_ID`, `THI_AUTHORITY`, `URL`, `BELONG_SEC_ID`) VALUES ('86', '查询应收运费结算', 'recefreightsettleAction_listRecefreightsettleUI.action', '26');
INSERT INTO `logman`.`third_authority` (`THI_ID`, `THI_AUTHORITY`, `URL`, `BELONG_SEC_ID`) VALUES ('87', '修改删除结算记录', 'recefreightsettleAction_manageRecefreightsettleUI.action', '26');
INSERT INTO `logman`.`third_authority` (`THI_ID`, `THI_AUTHORITY`, `URL`, `BELONG_SEC_ID`) VALUES ('88', '新建应付运费结算', 'givefreightsettleAction_addGivefreightsettleUI.action', '27');
INSERT INTO `logman`.`third_authority` (`THI_ID`, `THI_AUTHORITY`, `URL`, `BELONG_SEC_ID`) VALUES ('89', '查询应付运费结算', 'givefreightsettleAction_listGivefreightsettleUI.action', '27');
INSERT INTO `logman`.`third_authority` (`THI_ID`, `THI_AUTHORITY`, `URL`, `BELONG_SEC_ID`) VALUES ('90', '修改删除结算记录', 'givefreightsettleAction_manageGivefreightsettleUI.action', '27');
INSERT INTO `logman`.`third_authority` (`THI_ID`, `THI_AUTHORITY`, `URL`, `BELONG_SEC_ID`) VALUES ('91', '新建应付配件结算', 'accessoriespurchasesettleAction_addAccessoriespurchasesettleUI.action', '28');
INSERT INTO `logman`.`third_authority` (`THI_ID`, `THI_AUTHORITY`, `URL`, `BELONG_SEC_ID`) VALUES ('92', '查询应付配件结算', 'accessoriespurchasesettleAction_listAccessoriespurchasesettleUI.action', '28');
INSERT INTO `logman`.`third_authority` (`THI_ID`, `THI_AUTHORITY`, `URL`, `BELONG_SEC_ID`) VALUES ('93', '修改删除结算记录', 'accessoriespurchasesettleAction_manageAccessoriespurchasesettleUI.action', '28');
INSERT INTO `logman`.`third_authority` (`THI_ID`, `THI_AUTHORITY`, `URL`, `BELONG_SEC_ID`) VALUES ('94', '新建应付加油结算', 'refuelingsettleAction_addRefuelingsettleUI.action', '29');
INSERT INTO `logman`.`third_authority` (`THI_ID`, `THI_AUTHORITY`, `URL`, `BELONG_SEC_ID`) VALUES ('95', '查询应付加油结算', 'refuelingsettleAction_listRefuelingsettleUI.action', '29');
INSERT INTO `logman`.`third_authority` (`THI_ID`, `THI_AUTHORITY`, `URL`, `BELONG_SEC_ID`) VALUES ('96', '修改删除结算记录', 'refuelingsettleAction_manageRefuelingsettleUI.action', '29');
INSERT INTO `logman`.`third_authority` (`THI_ID`, `THI_AUTHORITY`, `URL`, `BELONG_SEC_ID`) VALUES ('97', '新建应付维修结算', 'repairsettleAction_addRepairsettleUI.action', '30');
INSERT INTO `logman`.`third_authority` (`THI_ID`, `THI_AUTHORITY`, `URL`, `BELONG_SEC_ID`) VALUES ('98', '查询应付维修结算', 'repairsettleAction_listRepairsettleUI.action', '30');
INSERT INTO `logman`.`third_authority` (`THI_ID`, `THI_AUTHORITY`, `URL`, `BELONG_SEC_ID`) VALUES ('99', '修改删除结算记录', 'repairsettleAction_manageRepairsettleUI.action', '30');
INSERT INTO `logman`.`third_authority` (`THI_ID`, `THI_AUTHORITY`, `URL`, `BELONG_SEC_ID`) VALUES ('100', '新建应付油料结算', 'fuelprocuresettleAction_addFuelprocuresettleUI.action', '31');
INSERT INTO `logman`.`third_authority` (`THI_ID`, `THI_AUTHORITY`, `URL`, `BELONG_SEC_ID`) VALUES ('101', '查询应付油料结算', 'fuelprocuresettleAction_listFuelprocuresettleUI.action', '31');
INSERT INTO `logman`.`third_authority` (`THI_ID`, `THI_AUTHORITY`, `URL`, `BELONG_SEC_ID`) VALUES ('102', '修改删除结算记录', 'fuelprocuresettleAction_manageFuelprocuresettleUI.action', '31');
INSERT INTO `logman`.`third_authority` (`THI_ID`, `THI_AUTHORITY`, `URL`, `BELONG_SEC_ID`) VALUES ('103', '新建预收', 'AdvanceAction_addReceiveUI.action', '32');
INSERT INTO `logman`.`third_authority` (`THI_ID`, `THI_AUTHORITY`, `URL`, `BELONG_SEC_ID`) VALUES ('104', '新建预付', 'AdvanceAction_addPayUI.action', '32');
INSERT INTO `logman`.`third_authority` (`THI_ID`, `THI_AUTHORITY`, `URL`, `BELONG_SEC_ID`) VALUES ('105', '查询预收预付', 'AdvanceAction_listUI.action', '32');
INSERT INTO `logman`.`third_authority` (`THI_ID`, `THI_AUTHORITY`, `URL`, `BELONG_SEC_ID`) VALUES ('106', '修改删除记录', 'AdvanceAction_manageUI.action', '32');
INSERT INTO `logman`.`third_authority` (`THI_ID`, `THI_AUTHORITY`, `URL`, `BELONG_SEC_ID`) VALUES ('107', '应收运费', 'arapReportAction_recefreightShowUI.action', '33');
INSERT INTO `logman`.`third_authority` (`THI_ID`, `THI_AUTHORITY`, `URL`, `BELONG_SEC_ID`) VALUES ('108', '应付运费', 'arapReportAction_payfreightShowUI.action', '33');
INSERT INTO `logman`.`third_authority` (`THI_ID`, `THI_AUTHORITY`, `URL`, `BELONG_SEC_ID`) VALUES ('109', '应付配件采购', 'arapReportAction_payfittingShowUI.action', '33');
INSERT INTO `logman`.`third_authority` (`THI_ID`, `THI_AUTHORITY`, `URL`, `BELONG_SEC_ID`) VALUES ('110', '应付加油', 'arapReportAction_payfluingShowUI.action', '33');
INSERT INTO `logman`.`third_authority` (`THI_ID`, `THI_AUTHORITY`, `URL`, `BELONG_SEC_ID`) VALUES ('111', '应付维修', 'arapReportAction_payrepairShowUI.action', '33');
INSERT INTO `logman`.`third_authority` (`THI_ID`, `THI_AUTHORITY`, `URL`, `BELONG_SEC_ID`) VALUES ('112', '应付油料采购', 'arapReportAction_payfuelprocuShowUI.action', '33');
INSERT INTO `logman`.`third_authority` (`THI_ID`, `THI_AUTHORITY`, `URL`, `BELONG_SEC_ID`) VALUES ('113', '新建缺勤登记', 'absenceAction_addAbsenceUI.action', '34');
INSERT INTO `logman`.`third_authority` (`THI_ID`, `THI_AUTHORITY`, `URL`, `BELONG_SEC_ID`) VALUES ('114', '查询缺勤登记', 'absenceAction_listAbsenceUI.action', '34');
INSERT INTO `logman`.`third_authority` (`THI_ID`, `THI_AUTHORITY`, `URL`, `BELONG_SEC_ID`) VALUES ('115', '修改删除记录', 'absenceAction_manageAbsenceUI.action', '34');
INSERT INTO `logman`.`third_authority` (`THI_ID`, `THI_AUTHORITY`, `URL`, `BELONG_SEC_ID`) VALUES ('116', '新建工资结算', 'wagecalculationAction_addWagecalculationUI.action', '35');
INSERT INTO `logman`.`third_authority` (`THI_ID`, `THI_AUTHORITY`, `URL`, `BELONG_SEC_ID`) VALUES ('117', '查询工资结算', 'wagecalculationAction_listWagecalculationUI.action', '35');
INSERT INTO `logman`.`third_authority` (`THI_ID`, `THI_AUTHORITY`, `URL`, `BELONG_SEC_ID`) VALUES ('118', '修改删除记录', 'wagecalculationAction_manageWagecalculationUI.action', '35');
INSERT INTO `logman`.`third_authority` (`THI_ID`, `THI_AUTHORITY`, `URL`, `BELONG_SEC_ID`) VALUES ('119', '司机工资对账单', 'driversalaryAction_statementShowUI.action', '36');
INSERT INTO `logman`.`third_authority` (`THI_ID`, `THI_AUTHORITY`, `URL`, `BELONG_SEC_ID`) VALUES ('120', '工资设置', 'wageActon_settingUI.action', '37');
INSERT INTO `logman`.`third_authority` (`THI_ID`, `THI_AUTHORITY`, `URL`, `BELONG_SEC_ID`) VALUES ('121', '新建入库', 'putinstorageAction_addPutinstorageUI.action', '38');
INSERT INTO `logman`.`third_authority` (`THI_ID`, `THI_AUTHORITY`, `URL`, `BELONG_SEC_ID`) VALUES ('122', '查询入库记录', 'putinstorageAction_listPutinstorageUI.action', '38');
INSERT INTO `logman`.`third_authority` (`THI_ID`, `THI_AUTHORITY`, `URL`, `BELONG_SEC_ID`) VALUES ('123', '管理入库', 'putinstorageAction_managePutinstorageUI.action', '38');
INSERT INTO `logman`.`third_authority` (`THI_ID`, `THI_AUTHORITY`, `URL`, `BELONG_SEC_ID`) VALUES ('124', '新建出库', 'exportstorageAction_addExportstorageUI.action', '39');
INSERT INTO `logman`.`third_authority` (`THI_ID`, `THI_AUTHORITY`, `URL`, `BELONG_SEC_ID`) VALUES ('125', '出库查询', 'exportstorageAction_listExportstorageUI.action', '39');
INSERT INTO `logman`.`third_authority` (`THI_ID`, `THI_AUTHORITY`, `URL`, `BELONG_SEC_ID`) VALUES ('126', '管理出库', 'exportstorageAction_manageExportstorageUI.action', '39');
INSERT INTO `logman`.`third_authority` (`THI_ID`, `THI_AUTHORITY`, `URL`, `BELONG_SEC_ID`) VALUES ('127', '库存明细', 'storagedetailAction_showUI.action', '40');
INSERT INTO `logman`.`third_authority` (`THI_ID`, `THI_AUTHORITY`, `URL`, `BELONG_SEC_ID`) VALUES ('128', '费用统计', 'stroagecostAction_showUI.action', '41');
INSERT INTO `logman`.`third_authority` (`THI_ID`, `THI_AUTHORITY`, `URL`, `BELONG_SEC_ID`) VALUES ('129', '查询', 'anakyzeAction_queryUI.action', '42');
INSERT INTO `logman`.`third_authority` (`THI_ID`, `THI_AUTHORITY`, `URL`, `BELONG_SEC_ID`) VALUES ('130', '日报表', 'anakyzeAction_daylyUI.action', '43');
INSERT INTO `logman`.`third_authority` (`THI_ID`, `THI_AUTHORITY`, `URL`, `BELONG_SEC_ID`) VALUES ('131', '月报表', 'anakyzeAction_monthlyUI.action', '44');
INSERT INTO `logman`.`third_authority` (`THI_ID`, `THI_AUTHORITY`, `URL`, `BELONG_SEC_ID`) VALUES ('132', '统计表', 'anakyzeAction_statisticUI.action', '45');
INSERT INTO `logman`.`third_authority` (`THI_ID`, `THI_AUTHORITY`, `URL`, `BELONG_SEC_ID`) VALUES ('133', '分析表', 'anakyzeAction_anakyzeUI.action', '46');
INSERT INTO `logman`.`third_authority` (`THI_ID`, `THI_AUTHORITY`, `URL`, `BELONG_SEC_ID`) VALUES ('134', '对比表', 'anakyzeAction_compareUI.action', '47');
INSERT INTO `logman`.`third_authority` (`THI_ID`, `THI_AUTHORITY`, `URL`, `BELONG_SEC_ID`) VALUES ('135', '导入数据', 'importdataAction_showUI.action', '48');
INSERT INTO `logman`.`third_authority` (`THI_ID`, `THI_AUTHORITY`, `URL`, `BELONG_SEC_ID`) VALUES ('136', '数据备份', 'backupdataAction_showUI.action', '48');
INSERT INTO `logman`.`third_authority` (`THI_ID`, `THI_AUTHORITY`, `URL`, `BELONG_SEC_ID`) VALUES ('137', '数据恢复', 'recoverydataAction_showUI.action', '48');
INSERT INTO `logman`.`third_authority` (`THI_ID`, `THI_AUTHORITY`, `URL`, `BELONG_SEC_ID`) VALUES ('138', '数据清理', 'cleardataAction_showUI.action', '48');
INSERT INTO `logman`.`third_authority` (`THI_ID`, `THI_AUTHORITY`, `URL`, `BELONG_SEC_ID`) VALUES ('139', '系统设置', 'setupAction_showUI.action', '49');
INSERT INTO `logman`.`third_authority` (`THI_ID`, `THI_AUTHORITY`, `URL`, `BELONG_SEC_ID`) VALUES ('140', '用户管理', 'userAction_showUI.action', '50');
INSERT INTO `logman`.`third_authority` (`THI_ID`, `THI_AUTHORITY`, `URL`, `BELONG_SEC_ID`) VALUES ('141', '权限管理', 'authorityAction_showUI.action', '50');
INSERT INTO `logman`.`third_authority` (`THI_ID`, `THI_AUTHORITY`, `URL`, `BELONG_SEC_ID`) VALUES ('142', '修改密码', 'passwordAction_showUI.action', '51');
INSERT INTO `logman`.`third_authority` (`THI_ID`, `THI_AUTHORITY`, `URL`, `BELONG_SEC_ID`) VALUES ('143', '修改企业资料', 'enterpriseAction_showUI.action', '52');
INSERT INTO `logman`.`third_authority` (`THI_ID`, `THI_AUTHORITY`, `URL`, `BELONG_SEC_ID`) VALUES ('144', '增加车队', 'fleetAction_addFleetUI.action', '53');
INSERT INTO `logman`.`third_authority` (`THI_ID`, `THI_AUTHORITY`, `URL`, `BELONG_SEC_ID`) VALUES ('145', '查询车队信息', 'fleetAction_listFleetUI.action', '53');
INSERT INTO `logman`.`third_authority` (`THI_ID`, `THI_AUTHORITY`, `URL`, `BELONG_SEC_ID`) VALUES ('146', '修改删除车队信息', 'fleetAction_manageFleetUI.action', '53');
INSERT INTO `logman`.`third_authority` (`THI_ID`, `THI_AUTHORITY`, `URL`, `BELONG_SEC_ID`) VALUES ('147', '增加车辆', 'vehicleAction_addVehicleUI.action', '54');
INSERT INTO `logman`.`third_authority` (`THI_ID`, `THI_AUTHORITY`, `URL`, `BELONG_SEC_ID`) VALUES ('148', '查询车辆信息', 'vehicleAction_listVehicleUI.action', '54');
INSERT INTO `logman`.`third_authority` (`THI_ID`, `THI_AUTHORITY`, `URL`, `BELONG_SEC_ID`) VALUES ('149', '修改删除车辆信息', 'vehicleAction_manageVehicleUI.action', '54');
INSERT INTO `logman`.`third_authority` (`THI_ID`, `THI_AUTHORITY`, `URL`, `BELONG_SEC_ID`) VALUES ('150', '增加员工', 'staffAction_addStaffUI.action', '55');
INSERT INTO `logman`.`third_authority` (`THI_ID`, `THI_AUTHORITY`, `URL`, `BELONG_SEC_ID`) VALUES ('151', '查询员工信息', 'staffAction_listStaffUI.action', '55');
INSERT INTO `logman`.`third_authority` (`THI_ID`, `THI_AUTHORITY`, `URL`, `BELONG_SEC_ID`) VALUES ('152', '修改删除员工信息', 'staffAction_manageStaffUI.action', '55');
INSERT INTO `logman`.`third_authority` (`THI_ID`, `THI_AUTHORITY`, `URL`, `BELONG_SEC_ID`) VALUES ('153', '增加客户', 'costumerAction_addCostumerUI.action', '56');
INSERT INTO `logman`.`third_authority` (`THI_ID`, `THI_AUTHORITY`, `URL`, `BELONG_SEC_ID`) VALUES ('154', '查询客户信息', 'costumerAction_listCostumerUI.action', '56');
INSERT INTO `logman`.`third_authority` (`THI_ID`, `THI_AUTHORITY`, `URL`, `BELONG_SEC_ID`) VALUES ('155', '修改删除客户信息', 'costumerAction_manageCostumerUI.action', '56');
INSERT INTO `logman`.`third_authority` (`THI_ID`, `THI_AUTHORITY`, `URL`, `BELONG_SEC_ID`) VALUES ('156', '增加供应商', 'supplierAction_addSupplierUI.action', '57');
INSERT INTO `logman`.`third_authority` (`THI_ID`, `THI_AUTHORITY`, `URL`, `BELONG_SEC_ID`) VALUES ('157', '查询供应商信息', 'supplierAction_listSupplierUI.action', '57');
INSERT INTO `logman`.`third_authority` (`THI_ID`, `THI_AUTHORITY`, `URL`, `BELONG_SEC_ID`) VALUES ('158', '修改删除供应商信息', 'supplierAction_manageSupplierUI.action', '57');
INSERT INTO `logman`.`third_authority` (`THI_ID`, `THI_AUTHORITY`, `URL`, `BELONG_SEC_ID`) VALUES ('159', '收付款账户', 'accountAction_showUI.action', '58');
INSERT INTO `logman`.`third_authority` (`THI_ID`, `THI_AUTHORITY`, `URL`, `BELONG_SEC_ID`) VALUES ('160', '出车费用项目', 'vehiclecostprojectAction_showUI.action', '58');
INSERT INTO `logman`.`third_authority` (`THI_ID`, `THI_AUTHORITY`, `URL`, `BELONG_SEC_ID`) VALUES ('161', '车辆规费项目', 'vehiclefeesprojectAction_showUI.action', '58');
INSERT INTO `logman`.`third_authority` (`THI_ID`, `THI_AUTHORITY`, `URL`, `BELONG_SEC_ID`) VALUES ('162', '收入项目', 'receiptitemsAction_showUI.action', '58');
INSERT INTO `logman`.`third_authority` (`THI_ID`, `THI_AUTHORITY`, `URL`, `BELONG_SEC_ID`) VALUES ('163', '支出项目', 'expenditureitemAction_showUI.action', '58');
INSERT INTO `logman`.`third_authority` (`THI_ID`, `THI_AUTHORITY`, `URL`, `BELONG_SEC_ID`) VALUES ('164', '运输路线', 'routeAction_showUI.action', '59');
INSERT INTO `logman`.`third_authority` (`THI_ID`, `THI_AUTHORITY`, `URL`, `BELONG_SEC_ID`) VALUES ('165', '货物名称', 'goodAction_showUI.action', '59');
INSERT INTO `logman`.`third_authority` (`THI_ID`, `THI_AUTHORITY`, `URL`, `BELONG_SEC_ID`) VALUES ('166', '车型资料', 'vehiclemodelAction_showUI.action', '60');
INSERT INTO `logman`.`third_authority` (`THI_ID`, `THI_AUTHORITY`, `URL`, `BELONG_SEC_ID`) VALUES ('167', '配件资料', 'fittingAction_showUI.action', '60');
INSERT INTO `logman`.`third_authority` (`THI_ID`, `THI_AUTHORITY`, `URL`, `BELONG_SEC_ID`) VALUES ('168', '保养项目', 'maintenanceprojectAction_showUI.action', '60');
INSERT INTO `logman`.`third_authority` (`THI_ID`, `THI_AUTHORITY`, `URL`, `BELONG_SEC_ID`) VALUES ('169', '燃油种类', 'oiltypeAction_showUI.action', '61');
INSERT INTO `logman`.`third_authority` (`THI_ID`, `THI_AUTHORITY`, `URL`, `BELONG_SEC_ID`) VALUES ('170', '油罐资料', 'oiltankAction_showUI.action', '61');
INSERT INTO `logman`.`third_authority` (`THI_ID`, `THI_AUTHORITY`, `URL`, `BELONG_SEC_ID`) VALUES ('171', '油卡资料', 'oilcardAction_showUI.action', '61');
INSERT INTO `logman`.`third_authority` (`THI_ID`, `THI_AUTHORITY`, `URL`, `BELONG_SEC_ID`) VALUES ('172', '增加路卡', 'luccaAction_addLuccaUI.action', '62');
INSERT INTO `logman`.`third_authority` (`THI_ID`, `THI_AUTHORITY`, `URL`, `BELONG_SEC_ID`) VALUES ('173', '查询路卡信息', 'luccaAction_listLuccaUI.action', '62');
INSERT INTO `logman`.`third_authority` (`THI_ID`, `THI_AUTHORITY`, `URL`, `BELONG_SEC_ID`) VALUES ('174', '修改删除路卡信息', 'luccaAction_manageLuccaUI.action', '62');
INSERT INTO `logman`.`third_authority` (`THI_ID`, `THI_AUTHORITY`, `URL`, `BELONG_SEC_ID`) VALUES ('175', '文档中心', 'docCenterAction_showUI.action', '63');

INSERT INTO `logman`.`user` (`USER_ID`, `USER_NAME`, `PASSWD`) VALUES ('1', 'zhoumeirong', 'zhoumeirong');
INSERT INTO `logman`.`user` (`USER_ID`, `USER_NAME`, `PASSWD`) VALUES ('2', 'zhaoxudong', 'zxd52');
INSERT INTO `logman`.`user` (`USER_ID`, `USER_NAME`, `PASSWD`) VALUES ('3', 'landengke', 'ldk88');
INSERT INTO `logman`.`user` (`USER_ID`, `USER_NAME`, `PASSWD`) VALUES ('4', 'wxz123', 'wxz321');
INSERT INTO `logman`.`user` (`USER_ID`, `USER_NAME`, `PASSWD`) VALUES ('5', '海贼王', 'haizeiwang');
INSERT INTO `logman`.`user` (`USER_ID`, `USER_NAME`, `PASSWD`) VALUES ('6', 'pink', 'pink2323');

INSERT INTO `logman`.`user_authority` (`AUTHORITY_RECORD_ID`, `USER_ID`, `THI_AUTHORITY_ID`) VALUES ('1', '2', '1');
INSERT INTO `logman`.`user_authority` (`AUTHORITY_RECORD_ID`, `USER_ID`, `THI_AUTHORITY_ID`) VALUES ('2', '2', '2');
INSERT INTO `logman`.`user_authority` (`AUTHORITY_RECORD_ID`, `USER_ID`, `THI_AUTHORITY_ID`) VALUES ('3', '2', '3');
INSERT INTO `logman`.`user_authority` (`AUTHORITY_RECORD_ID`, `USER_ID`, `THI_AUTHORITY_ID`) VALUES ('4', '2', '4');
INSERT INTO `logman`.`user_authority` (`AUTHORITY_RECORD_ID`, `USER_ID`, `THI_AUTHORITY_ID`) VALUES ('5', '2', '5');
INSERT INTO `logman`.`user_authority` (`AUTHORITY_RECORD_ID`, `USER_ID`, `THI_AUTHORITY_ID`) VALUES ('6', '2', '6');
INSERT INTO `logman`.`user_authority` (`AUTHORITY_RECORD_ID`, `USER_ID`, `THI_AUTHORITY_ID`) VALUES ('7', '2', '7');
INSERT INTO `logman`.`user_authority` (`AUTHORITY_RECORD_ID`, `USER_ID`, `THI_AUTHORITY_ID`) VALUES ('8', '2', '8');
INSERT INTO `logman`.`user_authority` (`AUTHORITY_RECORD_ID`, `USER_ID`, `THI_AUTHORITY_ID`) VALUES ('9', '2', '9');
INSERT INTO `logman`.`user_authority` (`AUTHORITY_RECORD_ID`, `USER_ID`, `THI_AUTHORITY_ID`) VALUES ('10', '2', '10');
INSERT INTO `logman`.`user_authority` (`AUTHORITY_RECORD_ID`, `USER_ID`, `THI_AUTHORITY_ID`) VALUES ('11', '2', '11');
INSERT INTO `logman`.`user_authority` (`AUTHORITY_RECORD_ID`, `USER_ID`, `THI_AUTHORITY_ID`) VALUES ('12', '2', '12');
INSERT INTO `logman`.`user_authority` (`AUTHORITY_RECORD_ID`, `USER_ID`, `THI_AUTHORITY_ID`) VALUES ('13', '2', '13');
INSERT INTO `logman`.`user_authority` (`AUTHORITY_RECORD_ID`, `USER_ID`, `THI_AUTHORITY_ID`) VALUES ('14', '2', '14');
INSERT INTO `logman`.`user_authority` (`AUTHORITY_RECORD_ID`, `USER_ID`, `THI_AUTHORITY_ID`) VALUES ('15', '2', '15');
INSERT INTO `logman`.`user_authority` (`AUTHORITY_RECORD_ID`, `USER_ID`, `THI_AUTHORITY_ID`) VALUES ('16', '2', '16');
INSERT INTO `logman`.`user_authority` (`AUTHORITY_RECORD_ID`, `USER_ID`, `THI_AUTHORITY_ID`) VALUES ('17', '2', '17');
INSERT INTO `logman`.`user_authority` (`AUTHORITY_RECORD_ID`, `USER_ID`, `THI_AUTHORITY_ID`) VALUES ('18', '2', '18');
INSERT INTO `logman`.`user_authority` (`AUTHORITY_RECORD_ID`, `USER_ID`, `THI_AUTHORITY_ID`) VALUES ('19', '2', '19');
INSERT INTO `logman`.`user_authority` (`AUTHORITY_RECORD_ID`, `USER_ID`, `THI_AUTHORITY_ID`) VALUES ('20', '2', '20');
INSERT INTO `logman`.`user_authority` (`AUTHORITY_RECORD_ID`, `USER_ID`, `THI_AUTHORITY_ID`) VALUES ('21', '2', '21');
INSERT INTO `logman`.`user_authority` (`AUTHORITY_RECORD_ID`, `USER_ID`, `THI_AUTHORITY_ID`) VALUES ('22', '2', '22');
INSERT INTO `logman`.`user_authority` (`AUTHORITY_RECORD_ID`, `USER_ID`, `THI_AUTHORITY_ID`) VALUES ('23', '2', '23');
INSERT INTO `logman`.`user_authority` (`AUTHORITY_RECORD_ID`, `USER_ID`, `THI_AUTHORITY_ID`) VALUES ('24', '2', '24');
INSERT INTO `logman`.`user_authority` (`AUTHORITY_RECORD_ID`, `USER_ID`, `THI_AUTHORITY_ID`) VALUES ('25', '2', '25');
INSERT INTO `logman`.`user_authority` (`AUTHORITY_RECORD_ID`, `USER_ID`, `THI_AUTHORITY_ID`) VALUES ('26', '2', '26');
INSERT INTO `logman`.`user_authority` (`AUTHORITY_RECORD_ID`, `USER_ID`, `THI_AUTHORITY_ID`) VALUES ('27', '2', '27');
INSERT INTO `logman`.`user_authority` (`AUTHORITY_RECORD_ID`, `USER_ID`, `THI_AUTHORITY_ID`) VALUES ('28', '2', '28');
INSERT INTO `logman`.`user_authority` (`AUTHORITY_RECORD_ID`, `USER_ID`, `THI_AUTHORITY_ID`) VALUES ('29', '2', '29');
INSERT INTO `logman`.`user_authority` (`AUTHORITY_RECORD_ID`, `USER_ID`, `THI_AUTHORITY_ID`) VALUES ('30', '2', '30');
INSERT INTO `logman`.`user_authority` (`AUTHORITY_RECORD_ID`, `USER_ID`, `THI_AUTHORITY_ID`) VALUES ('31', '2', '31');
INSERT INTO `logman`.`user_authority` (`AUTHORITY_RECORD_ID`, `USER_ID`, `THI_AUTHORITY_ID`) VALUES ('32', '2', '32');
INSERT INTO `logman`.`user_authority` (`AUTHORITY_RECORD_ID`, `USER_ID`, `THI_AUTHORITY_ID`) VALUES ('33', '2', '33');
INSERT INTO `logman`.`user_authority` (`AUTHORITY_RECORD_ID`, `USER_ID`, `THI_AUTHORITY_ID`) VALUES ('34', '2', '34');
INSERT INTO `logman`.`user_authority` (`AUTHORITY_RECORD_ID`, `USER_ID`, `THI_AUTHORITY_ID`) VALUES ('35', '2', '35');
INSERT INTO `logman`.`user_authority` (`AUTHORITY_RECORD_ID`, `USER_ID`, `THI_AUTHORITY_ID`) VALUES ('36', '2', '36');
INSERT INTO `logman`.`user_authority` (`AUTHORITY_RECORD_ID`, `USER_ID`, `THI_AUTHORITY_ID`) VALUES ('37', '2', '37');
INSERT INTO `logman`.`user_authority` (`AUTHORITY_RECORD_ID`, `USER_ID`, `THI_AUTHORITY_ID`) VALUES ('38', '2', '38');
INSERT INTO `logman`.`user_authority` (`AUTHORITY_RECORD_ID`, `USER_ID`, `THI_AUTHORITY_ID`) VALUES ('39', '2', '39');
INSERT INTO `logman`.`user_authority` (`AUTHORITY_RECORD_ID`, `USER_ID`, `THI_AUTHORITY_ID`) VALUES ('40', '2', '40');
INSERT INTO `logman`.`user_authority` (`AUTHORITY_RECORD_ID`, `USER_ID`, `THI_AUTHORITY_ID`) VALUES ('41', '2', '41');
INSERT INTO `logman`.`user_authority` (`AUTHORITY_RECORD_ID`, `USER_ID`, `THI_AUTHORITY_ID`) VALUES ('42', '2', '42');
INSERT INTO `logman`.`user_authority` (`AUTHORITY_RECORD_ID`, `USER_ID`, `THI_AUTHORITY_ID`) VALUES ('43', '2', '43');
INSERT INTO `logman`.`user_authority` (`AUTHORITY_RECORD_ID`, `USER_ID`, `THI_AUTHORITY_ID`) VALUES ('44', '2', '44');
INSERT INTO `logman`.`user_authority` (`AUTHORITY_RECORD_ID`, `USER_ID`, `THI_AUTHORITY_ID`) VALUES ('45', '2', '45');
INSERT INTO `logman`.`user_authority` (`AUTHORITY_RECORD_ID`, `USER_ID`, `THI_AUTHORITY_ID`) VALUES ('46', '2', '46');
INSERT INTO `logman`.`user_authority` (`AUTHORITY_RECORD_ID`, `USER_ID`, `THI_AUTHORITY_ID`) VALUES ('47', '2', '47');
INSERT INTO `logman`.`user_authority` (`AUTHORITY_RECORD_ID`, `USER_ID`, `THI_AUTHORITY_ID`) VALUES ('48', '2', '48');
INSERT INTO `logman`.`user_authority` (`AUTHORITY_RECORD_ID`, `USER_ID`, `THI_AUTHORITY_ID`) VALUES ('49', '2', '49');
INSERT INTO `logman`.`user_authority` (`AUTHORITY_RECORD_ID`, `USER_ID`, `THI_AUTHORITY_ID`) VALUES ('50', '2', '50');
INSERT INTO `logman`.`user_authority` (`AUTHORITY_RECORD_ID`, `USER_ID`, `THI_AUTHORITY_ID`) VALUES ('51', '2', '51');
INSERT INTO `logman`.`user_authority` (`AUTHORITY_RECORD_ID`, `USER_ID`, `THI_AUTHORITY_ID`) VALUES ('52', '2', '52');
INSERT INTO `logman`.`user_authority` (`AUTHORITY_RECORD_ID`, `USER_ID`, `THI_AUTHORITY_ID`) VALUES ('53', '2', '53');
INSERT INTO `logman`.`user_authority` (`AUTHORITY_RECORD_ID`, `USER_ID`, `THI_AUTHORITY_ID`) VALUES ('54', '2', '54');
INSERT INTO `logman`.`user_authority` (`AUTHORITY_RECORD_ID`, `USER_ID`, `THI_AUTHORITY_ID`) VALUES ('55', '2', '55');
INSERT INTO `logman`.`user_authority` (`AUTHORITY_RECORD_ID`, `USER_ID`, `THI_AUTHORITY_ID`) VALUES ('56', '2', '56');
INSERT INTO `logman`.`user_authority` (`AUTHORITY_RECORD_ID`, `USER_ID`, `THI_AUTHORITY_ID`) VALUES ('57', '2', '57');
INSERT INTO `logman`.`user_authority` (`AUTHORITY_RECORD_ID`, `USER_ID`, `THI_AUTHORITY_ID`) VALUES ('58', '2', '58');
INSERT INTO `logman`.`user_authority` (`AUTHORITY_RECORD_ID`, `USER_ID`, `THI_AUTHORITY_ID`) VALUES ('59', '2', '59');
INSERT INTO `logman`.`user_authority` (`AUTHORITY_RECORD_ID`, `USER_ID`, `THI_AUTHORITY_ID`) VALUES ('60', '2', '60');
INSERT INTO `logman`.`user_authority` (`AUTHORITY_RECORD_ID`, `USER_ID`, `THI_AUTHORITY_ID`) VALUES ('61', '2', '61');
INSERT INTO `logman`.`user_authority` (`AUTHORITY_RECORD_ID`, `USER_ID`, `THI_AUTHORITY_ID`) VALUES ('62', '2', '62');
INSERT INTO `logman`.`user_authority` (`AUTHORITY_RECORD_ID`, `USER_ID`, `THI_AUTHORITY_ID`) VALUES ('63', '2', '63');
INSERT INTO `logman`.`user_authority` (`AUTHORITY_RECORD_ID`, `USER_ID`, `THI_AUTHORITY_ID`) VALUES ('64', '2', '64');
INSERT INTO `logman`.`user_authority` (`AUTHORITY_RECORD_ID`, `USER_ID`, `THI_AUTHORITY_ID`) VALUES ('65', '2', '65');
INSERT INTO `logman`.`user_authority` (`AUTHORITY_RECORD_ID`, `USER_ID`, `THI_AUTHORITY_ID`) VALUES ('66', '2', '66');
INSERT INTO `logman`.`user_authority` (`AUTHORITY_RECORD_ID`, `USER_ID`, `THI_AUTHORITY_ID`) VALUES ('67', '2', '67');
INSERT INTO `logman`.`user_authority` (`AUTHORITY_RECORD_ID`, `USER_ID`, `THI_AUTHORITY_ID`) VALUES ('68', '2', '68');
INSERT INTO `logman`.`user_authority` (`AUTHORITY_RECORD_ID`, `USER_ID`, `THI_AUTHORITY_ID`) VALUES ('69', '2', '69');
INSERT INTO `logman`.`user_authority` (`AUTHORITY_RECORD_ID`, `USER_ID`, `THI_AUTHORITY_ID`) VALUES ('70', '2', '70');
INSERT INTO `logman`.`user_authority` (`AUTHORITY_RECORD_ID`, `USER_ID`, `THI_AUTHORITY_ID`) VALUES ('71', '2', '71');
INSERT INTO `logman`.`user_authority` (`AUTHORITY_RECORD_ID`, `USER_ID`, `THI_AUTHORITY_ID`) VALUES ('72', '2', '72');
INSERT INTO `logman`.`user_authority` (`AUTHORITY_RECORD_ID`, `USER_ID`, `THI_AUTHORITY_ID`) VALUES ('73', '2', '73');
INSERT INTO `logman`.`user_authority` (`AUTHORITY_RECORD_ID`, `USER_ID`, `THI_AUTHORITY_ID`) VALUES ('74', '2', '74');
INSERT INTO `logman`.`user_authority` (`AUTHORITY_RECORD_ID`, `USER_ID`, `THI_AUTHORITY_ID`) VALUES ('75', '2', '75');
INSERT INTO `logman`.`user_authority` (`AUTHORITY_RECORD_ID`, `USER_ID`, `THI_AUTHORITY_ID`) VALUES ('76', '2', '76');
INSERT INTO `logman`.`user_authority` (`AUTHORITY_RECORD_ID`, `USER_ID`, `THI_AUTHORITY_ID`) VALUES ('77', '2', '77');
INSERT INTO `logman`.`user_authority` (`AUTHORITY_RECORD_ID`, `USER_ID`, `THI_AUTHORITY_ID`) VALUES ('78', '2', '78');
INSERT INTO `logman`.`user_authority` (`AUTHORITY_RECORD_ID`, `USER_ID`, `THI_AUTHORITY_ID`) VALUES ('79', '2', '79');
INSERT INTO `logman`.`user_authority` (`AUTHORITY_RECORD_ID`, `USER_ID`, `THI_AUTHORITY_ID`) VALUES ('80', '2', '80');
INSERT INTO `logman`.`user_authority` (`AUTHORITY_RECORD_ID`, `USER_ID`, `THI_AUTHORITY_ID`) VALUES ('81', '2', '81');
INSERT INTO `logman`.`user_authority` (`AUTHORITY_RECORD_ID`, `USER_ID`, `THI_AUTHORITY_ID`) VALUES ('82', '2', '82');
INSERT INTO `logman`.`user_authority` (`AUTHORITY_RECORD_ID`, `USER_ID`, `THI_AUTHORITY_ID`) VALUES ('83', '2', '83');
INSERT INTO `logman`.`user_authority` (`AUTHORITY_RECORD_ID`, `USER_ID`, `THI_AUTHORITY_ID`) VALUES ('84', '2', '84');
INSERT INTO `logman`.`user_authority` (`AUTHORITY_RECORD_ID`, `USER_ID`, `THI_AUTHORITY_ID`) VALUES ('85', '2', '85');
INSERT INTO `logman`.`user_authority` (`AUTHORITY_RECORD_ID`, `USER_ID`, `THI_AUTHORITY_ID`) VALUES ('86', '2', '86');
INSERT INTO `logman`.`user_authority` (`AUTHORITY_RECORD_ID`, `USER_ID`, `THI_AUTHORITY_ID`) VALUES ('87', '2', '87');
INSERT INTO `logman`.`user_authority` (`AUTHORITY_RECORD_ID`, `USER_ID`, `THI_AUTHORITY_ID`) VALUES ('88', '2', '88');
INSERT INTO `logman`.`user_authority` (`AUTHORITY_RECORD_ID`, `USER_ID`, `THI_AUTHORITY_ID`) VALUES ('89', '2', '89');
INSERT INTO `logman`.`user_authority` (`AUTHORITY_RECORD_ID`, `USER_ID`, `THI_AUTHORITY_ID`) VALUES ('90', '2', '90');
INSERT INTO `logman`.`user_authority` (`AUTHORITY_RECORD_ID`, `USER_ID`, `THI_AUTHORITY_ID`) VALUES ('91', '2', '91');
INSERT INTO `logman`.`user_authority` (`AUTHORITY_RECORD_ID`, `USER_ID`, `THI_AUTHORITY_ID`) VALUES ('92', '2', '92');
INSERT INTO `logman`.`user_authority` (`AUTHORITY_RECORD_ID`, `USER_ID`, `THI_AUTHORITY_ID`) VALUES ('93', '2', '93');
INSERT INTO `logman`.`user_authority` (`AUTHORITY_RECORD_ID`, `USER_ID`, `THI_AUTHORITY_ID`) VALUES ('94', '2', '94');
INSERT INTO `logman`.`user_authority` (`AUTHORITY_RECORD_ID`, `USER_ID`, `THI_AUTHORITY_ID`) VALUES ('95', '2', '95');
INSERT INTO `logman`.`user_authority` (`AUTHORITY_RECORD_ID`, `USER_ID`, `THI_AUTHORITY_ID`) VALUES ('96', '2', '96');
INSERT INTO `logman`.`user_authority` (`AUTHORITY_RECORD_ID`, `USER_ID`, `THI_AUTHORITY_ID`) VALUES ('97', '2', '97');
INSERT INTO `logman`.`user_authority` (`AUTHORITY_RECORD_ID`, `USER_ID`, `THI_AUTHORITY_ID`) VALUES ('98', '2', '98');
INSERT INTO `logman`.`user_authority` (`AUTHORITY_RECORD_ID`, `USER_ID`, `THI_AUTHORITY_ID`) VALUES ('99', '2', '99');
INSERT INTO `logman`.`user_authority` (`AUTHORITY_RECORD_ID`, `USER_ID`, `THI_AUTHORITY_ID`) VALUES ('100', '2', '100');
INSERT INTO `logman`.`user_authority` (`AUTHORITY_RECORD_ID`, `USER_ID`, `THI_AUTHORITY_ID`) VALUES ('101', '2', '101');
INSERT INTO `logman`.`user_authority` (`AUTHORITY_RECORD_ID`, `USER_ID`, `THI_AUTHORITY_ID`) VALUES ('102', '2', '102');
INSERT INTO `logman`.`user_authority` (`AUTHORITY_RECORD_ID`, `USER_ID`, `THI_AUTHORITY_ID`) VALUES ('103', '2', '103');
INSERT INTO `logman`.`user_authority` (`AUTHORITY_RECORD_ID`, `USER_ID`, `THI_AUTHORITY_ID`) VALUES ('104', '2', '104');
INSERT INTO `logman`.`user_authority` (`AUTHORITY_RECORD_ID`, `USER_ID`, `THI_AUTHORITY_ID`) VALUES ('105', '2', '105');
INSERT INTO `logman`.`user_authority` (`AUTHORITY_RECORD_ID`, `USER_ID`, `THI_AUTHORITY_ID`) VALUES ('106', '2', '106');
INSERT INTO `logman`.`user_authority` (`AUTHORITY_RECORD_ID`, `USER_ID`, `THI_AUTHORITY_ID`) VALUES ('107', '2', '107');
INSERT INTO `logman`.`user_authority` (`AUTHORITY_RECORD_ID`, `USER_ID`, `THI_AUTHORITY_ID`) VALUES ('108', '2', '108');
INSERT INTO `logman`.`user_authority` (`AUTHORITY_RECORD_ID`, `USER_ID`, `THI_AUTHORITY_ID`) VALUES ('109', '2', '109');
INSERT INTO `logman`.`user_authority` (`AUTHORITY_RECORD_ID`, `USER_ID`, `THI_AUTHORITY_ID`) VALUES ('110', '2', '110');
INSERT INTO `logman`.`user_authority` (`AUTHORITY_RECORD_ID`, `USER_ID`, `THI_AUTHORITY_ID`) VALUES ('111', '2', '111');
INSERT INTO `logman`.`user_authority` (`AUTHORITY_RECORD_ID`, `USER_ID`, `THI_AUTHORITY_ID`) VALUES ('112', '2', '112');
INSERT INTO `logman`.`user_authority` (`AUTHORITY_RECORD_ID`, `USER_ID`, `THI_AUTHORITY_ID`) VALUES ('113', '2', '113');
INSERT INTO `logman`.`user_authority` (`AUTHORITY_RECORD_ID`, `USER_ID`, `THI_AUTHORITY_ID`) VALUES ('114', '2', '114');
INSERT INTO `logman`.`user_authority` (`AUTHORITY_RECORD_ID`, `USER_ID`, `THI_AUTHORITY_ID`) VALUES ('115', '2', '115');
INSERT INTO `logman`.`user_authority` (`AUTHORITY_RECORD_ID`, `USER_ID`, `THI_AUTHORITY_ID`) VALUES ('116', '2', '116');
INSERT INTO `logman`.`user_authority` (`AUTHORITY_RECORD_ID`, `USER_ID`, `THI_AUTHORITY_ID`) VALUES ('117', '2', '117');
INSERT INTO `logman`.`user_authority` (`AUTHORITY_RECORD_ID`, `USER_ID`, `THI_AUTHORITY_ID`) VALUES ('118', '2', '118');
INSERT INTO `logman`.`user_authority` (`AUTHORITY_RECORD_ID`, `USER_ID`, `THI_AUTHORITY_ID`) VALUES ('119', '2', '119');
INSERT INTO `logman`.`user_authority` (`AUTHORITY_RECORD_ID`, `USER_ID`, `THI_AUTHORITY_ID`) VALUES ('120', '2', '120');
INSERT INTO `logman`.`user_authority` (`AUTHORITY_RECORD_ID`, `USER_ID`, `THI_AUTHORITY_ID`) VALUES ('121', '2', '121');
INSERT INTO `logman`.`user_authority` (`AUTHORITY_RECORD_ID`, `USER_ID`, `THI_AUTHORITY_ID`) VALUES ('122', '2', '122');
INSERT INTO `logman`.`user_authority` (`AUTHORITY_RECORD_ID`, `USER_ID`, `THI_AUTHORITY_ID`) VALUES ('123', '2', '123');
INSERT INTO `logman`.`user_authority` (`AUTHORITY_RECORD_ID`, `USER_ID`, `THI_AUTHORITY_ID`) VALUES ('124', '2', '124');
INSERT INTO `logman`.`user_authority` (`AUTHORITY_RECORD_ID`, `USER_ID`, `THI_AUTHORITY_ID`) VALUES ('125', '2', '125');
INSERT INTO `logman`.`user_authority` (`AUTHORITY_RECORD_ID`, `USER_ID`, `THI_AUTHORITY_ID`) VALUES ('126', '2', '126');
INSERT INTO `logman`.`user_authority` (`AUTHORITY_RECORD_ID`, `USER_ID`, `THI_AUTHORITY_ID`) VALUES ('127', '2', '127');
INSERT INTO `logman`.`user_authority` (`AUTHORITY_RECORD_ID`, `USER_ID`, `THI_AUTHORITY_ID`) VALUES ('128', '2', '128');
INSERT INTO `logman`.`user_authority` (`AUTHORITY_RECORD_ID`, `USER_ID`, `THI_AUTHORITY_ID`) VALUES ('129', '2', '129');
INSERT INTO `logman`.`user_authority` (`AUTHORITY_RECORD_ID`, `USER_ID`, `THI_AUTHORITY_ID`) VALUES ('130', '2', '130');
INSERT INTO `logman`.`user_authority` (`AUTHORITY_RECORD_ID`, `USER_ID`, `THI_AUTHORITY_ID`) VALUES ('131', '2', '131');
INSERT INTO `logman`.`user_authority` (`AUTHORITY_RECORD_ID`, `USER_ID`, `THI_AUTHORITY_ID`) VALUES ('132', '2', '132');
INSERT INTO `logman`.`user_authority` (`AUTHORITY_RECORD_ID`, `USER_ID`, `THI_AUTHORITY_ID`) VALUES ('133', '2', '133');
INSERT INTO `logman`.`user_authority` (`AUTHORITY_RECORD_ID`, `USER_ID`, `THI_AUTHORITY_ID`) VALUES ('134', '2', '134');
INSERT INTO `logman`.`user_authority` (`AUTHORITY_RECORD_ID`, `USER_ID`, `THI_AUTHORITY_ID`) VALUES ('135', '2', '135');
INSERT INTO `logman`.`user_authority` (`AUTHORITY_RECORD_ID`, `USER_ID`, `THI_AUTHORITY_ID`) VALUES ('136', '2', '136');
INSERT INTO `logman`.`user_authority` (`AUTHORITY_RECORD_ID`, `USER_ID`, `THI_AUTHORITY_ID`) VALUES ('137', '2', '137');
INSERT INTO `logman`.`user_authority` (`AUTHORITY_RECORD_ID`, `USER_ID`, `THI_AUTHORITY_ID`) VALUES ('138', '2', '138');
INSERT INTO `logman`.`user_authority` (`AUTHORITY_RECORD_ID`, `USER_ID`, `THI_AUTHORITY_ID`) VALUES ('139', '2', '139');
INSERT INTO `logman`.`user_authority` (`AUTHORITY_RECORD_ID`, `USER_ID`, `THI_AUTHORITY_ID`) VALUES ('140', '2', '140');
INSERT INTO `logman`.`user_authority` (`AUTHORITY_RECORD_ID`, `USER_ID`, `THI_AUTHORITY_ID`) VALUES ('141', '2', '141');
INSERT INTO `logman`.`user_authority` (`AUTHORITY_RECORD_ID`, `USER_ID`, `THI_AUTHORITY_ID`) VALUES ('142', '2', '142');
INSERT INTO `logman`.`user_authority` (`AUTHORITY_RECORD_ID`, `USER_ID`, `THI_AUTHORITY_ID`) VALUES ('143', '2', '143');
INSERT INTO `logman`.`user_authority` (`AUTHORITY_RECORD_ID`, `USER_ID`, `THI_AUTHORITY_ID`) VALUES ('144', '2', '144');
INSERT INTO `logman`.`user_authority` (`AUTHORITY_RECORD_ID`, `USER_ID`, `THI_AUTHORITY_ID`) VALUES ('145', '2', '145');
INSERT INTO `logman`.`user_authority` (`AUTHORITY_RECORD_ID`, `USER_ID`, `THI_AUTHORITY_ID`) VALUES ('146', '2', '146');
INSERT INTO `logman`.`user_authority` (`AUTHORITY_RECORD_ID`, `USER_ID`, `THI_AUTHORITY_ID`) VALUES ('147', '2', '147');
INSERT INTO `logman`.`user_authority` (`AUTHORITY_RECORD_ID`, `USER_ID`, `THI_AUTHORITY_ID`) VALUES ('148', '2', '148');
INSERT INTO `logman`.`user_authority` (`AUTHORITY_RECORD_ID`, `USER_ID`, `THI_AUTHORITY_ID`) VALUES ('149', '2', '149');
INSERT INTO `logman`.`user_authority` (`AUTHORITY_RECORD_ID`, `USER_ID`, `THI_AUTHORITY_ID`) VALUES ('150', '2', '150');
INSERT INTO `logman`.`user_authority` (`AUTHORITY_RECORD_ID`, `USER_ID`, `THI_AUTHORITY_ID`) VALUES ('151', '2', '151');
INSERT INTO `logman`.`user_authority` (`AUTHORITY_RECORD_ID`, `USER_ID`, `THI_AUTHORITY_ID`) VALUES ('152', '2', '152');
INSERT INTO `logman`.`user_authority` (`AUTHORITY_RECORD_ID`, `USER_ID`, `THI_AUTHORITY_ID`) VALUES ('153', '2', '153');
INSERT INTO `logman`.`user_authority` (`AUTHORITY_RECORD_ID`, `USER_ID`, `THI_AUTHORITY_ID`) VALUES ('154', '2', '154');
INSERT INTO `logman`.`user_authority` (`AUTHORITY_RECORD_ID`, `USER_ID`, `THI_AUTHORITY_ID`) VALUES ('155', '2', '155');
INSERT INTO `logman`.`user_authority` (`AUTHORITY_RECORD_ID`, `USER_ID`, `THI_AUTHORITY_ID`) VALUES ('156', '2', '156');
INSERT INTO `logman`.`user_authority` (`AUTHORITY_RECORD_ID`, `USER_ID`, `THI_AUTHORITY_ID`) VALUES ('157', '2', '157');
INSERT INTO `logman`.`user_authority` (`AUTHORITY_RECORD_ID`, `USER_ID`, `THI_AUTHORITY_ID`) VALUES ('158', '2', '158');
INSERT INTO `logman`.`user_authority` (`AUTHORITY_RECORD_ID`, `USER_ID`, `THI_AUTHORITY_ID`) VALUES ('159', '2', '159');
INSERT INTO `logman`.`user_authority` (`AUTHORITY_RECORD_ID`, `USER_ID`, `THI_AUTHORITY_ID`) VALUES ('160', '2', '160');
INSERT INTO `logman`.`user_authority` (`AUTHORITY_RECORD_ID`, `USER_ID`, `THI_AUTHORITY_ID`) VALUES ('161', '2', '161');
INSERT INTO `logman`.`user_authority` (`AUTHORITY_RECORD_ID`, `USER_ID`, `THI_AUTHORITY_ID`) VALUES ('162', '2', '162');
INSERT INTO `logman`.`user_authority` (`AUTHORITY_RECORD_ID`, `USER_ID`, `THI_AUTHORITY_ID`) VALUES ('163', '2', '163');
INSERT INTO `logman`.`user_authority` (`AUTHORITY_RECORD_ID`, `USER_ID`, `THI_AUTHORITY_ID`) VALUES ('164', '2', '164');
INSERT INTO `logman`.`user_authority` (`AUTHORITY_RECORD_ID`, `USER_ID`, `THI_AUTHORITY_ID`) VALUES ('165', '2', '165');
INSERT INTO `logman`.`user_authority` (`AUTHORITY_RECORD_ID`, `USER_ID`, `THI_AUTHORITY_ID`) VALUES ('166', '2', '166');
INSERT INTO `logman`.`user_authority` (`AUTHORITY_RECORD_ID`, `USER_ID`, `THI_AUTHORITY_ID`) VALUES ('167', '2', '167');
INSERT INTO `logman`.`user_authority` (`AUTHORITY_RECORD_ID`, `USER_ID`, `THI_AUTHORITY_ID`) VALUES ('168', '2', '168');
INSERT INTO `logman`.`user_authority` (`AUTHORITY_RECORD_ID`, `USER_ID`, `THI_AUTHORITY_ID`) VALUES ('169', '2', '169');
INSERT INTO `logman`.`user_authority` (`AUTHORITY_RECORD_ID`, `USER_ID`, `THI_AUTHORITY_ID`) VALUES ('170', '2', '170');
INSERT INTO `logman`.`user_authority` (`AUTHORITY_RECORD_ID`, `USER_ID`, `THI_AUTHORITY_ID`) VALUES ('171', '2', '171');
INSERT INTO `logman`.`user_authority` (`AUTHORITY_RECORD_ID`, `USER_ID`, `THI_AUTHORITY_ID`) VALUES ('172', '2', '172');
INSERT INTO `logman`.`user_authority` (`AUTHORITY_RECORD_ID`, `USER_ID`, `THI_AUTHORITY_ID`) VALUES ('173', '2', '173');
INSERT INTO `logman`.`user_authority` (`AUTHORITY_RECORD_ID`, `USER_ID`, `THI_AUTHORITY_ID`) VALUES ('174', '2', '174');
INSERT INTO `logman`.`user_authority` (`AUTHORITY_RECORD_ID`, `USER_ID`, `THI_AUTHORITY_ID`) VALUES ('175', '2', '175');
